,景点名,所属区县,经度,维度,推荐值,纬度
0,茶圣故里园,天门市,113.17240916632808,,,30.669621830099477
1,胡家花园,天门市,113.17350204481151,,,30.65275790361476
2,天门东湖公园,天门市,113.17739494156956,,,30.657979184033948
3,陆羽茶经楼,天门市,113.16584219372794,,,30.664419823132917
4,陆羽纪念馆,天门市,113.16708176550117,,,30.662690106939085
5,天门西塔寺,天门市,113.168170960932,,,30.6668798756552
6,抗日战争时期中共襄河地委、襄北地委旧址,天门市,113.17240916632808,,,30.669621830099477
7,抗战时期庙台百人坑,天门市,113.22554366775162,,,30.69517944052959
8,天门市革命烈士公园,天门市,113.16162051715324,,,30.641684681049583
9,红三军文家墩战斗遗址及纪念碑,天门市,113.07118765231101,,,30.54636155977896
10,彭家垴革命烈士纪念园,天门市,113.33604530650064,,,30.65645780593908
11,襄河、襄北地委旧址,天门市,113.17240916632808,,,30.669621830099477
12,天门张家湖国家湿地公园,天门市,113.26244605810152,,,30.756476101039823
13,曹禺文化旅游区,潜江市,112.9054740908161,,,30.40835793241892
14,龙湾国家考古遗址公园,潜江市,112.72361294879602,,,30.235354725191566
15,曹禺祖居博物馆,潜江市,112.89877497747544,,,30.442076963786864
16,曹禺纪念馆,潜江市,112.90424736481167,,,30.44539105645713
17,红军街,潜江市,112.78852495409977,,,30.30576359852492
18,潜江金台寺,潜江市,112.63929547837405,,,30.220317600435365
19,龙湾放鹰台遗址,潜江市,112.72361294879602,,,30.235354725191566
20,潜江市世博湖北馆,潜江市,112.89567779973812,,,30.440044878404287
21,潜江市博物馆,潜江市,112.90593357408444,,,30.405796491721574
22,潜江森林公园,潜江市,112.92339402811244,,,30.37537794406515
23,返湾湖旅游风景区,潜江市,112.68572215289349,,,30.32761311246344
24,田关水利休闲度假区,潜江市,112.82954697351843,,,30.397969953001585
25,潜江大佛寺,潜江市,112.89782439058477,,,30.43556216754401
26,梦里水乡文化旅游区,仙桃市,113.02570886976571,,,30.2999274840353
27,沔阳小镇,仙桃市,113.29699542699858,,,30.300497711172888
28,沔城风景名胜区,仙桃市,113.23984397282607,,,30.196472075432784
29,陈友谅故居（玄妙观）,仙桃市,113.2353466961209,,,30.190154441152167
30,东沼红莲池,仙桃市,113.44960935856369,,,30.33358775114635
31,沔州府,仙桃市,113.47802401947202,,,30.34543502166507
32,沔城诸葛武侯祠,仙桃市,113.22869177941135,,,30.194076331241018
33,沔城清真寺,仙桃市,113.23599590151298,,,30.20102726061051
34,普佛寺,仙桃市,113.44960935856369,,,30.33358775114635
35,文圣庙,仙桃市,113.44960935856369,,,30.33358775114635
36,复州故城,仙桃市,113.44960935856369,,,30.33358775114635
37,仙桃市博物馆,仙桃市,113.44960935856369,,,30.33358775114635
38,仙桃革命烈士纪念馆,仙桃市,113.42095898228955,,,30.371899583074374
39,司马桥,仙桃市,113.23245514051484,,,30.19948181144652
40,胡家台抗战遗址,仙桃市,113.62778250731255,,,30.325873440564013
41,绿林寨城址（绿林古兵寨）,京山县,113.1086469920771,,,31.358732849586552
42,太子山生态旅游区,京山县,112.91524603781474,,,30.922820859536557
43,绿林山景区,京山县,113.10831596649668,,,31.358541897917625
44,王莽洞,京山县,113.16442897949963,,,31.34110120217746
45,惠亭湖湿地,京山县,113.09197641808403,,,31.026548641289814
46,京山天河度假村,京山县,113.07913496115778,,,31.318308895417953
47,中共豫鄂边区委员会旧址,京山县,113.098182900683,,,31.233753302210456
48,水磨畈遗址,京山县,113.12654806495773,,,31.02433060119255
49,明显陵,钟祥市,112.64409701115545,,,31.215107839061808
50,彭墩乡村旅游世界,钟祥市,112.34240757342901,,,30.999745237182637
51,黄仙洞,钟祥市,112.96358017425406,,,31.41957412483743
52,钟祥莫愁湖,钟祥市,112.61182403825121,,,31.196987875548913
53,莫愁村,钟祥市,112.63378473339255,,,31.20728914799397
54,大口国家森林公园,钟祥市,112.81939926532496,,,31.109032316359592
55,钟祥石门水库,钟祥市,112.75880927732136,,,31.141339828112976
56,温峡湖水利风景区,钟祥市,112.59447102156223,,,31.174029854963006
57,沙洋油菜博物馆,沙洋县,112.56532136708563,,,30.69388977423326
58,沙洋纪山寺,沙洋县,112.16505143354148,,,30.541288473629624
59,沙洋烈士陵园,沙洋县,112.57671170129106,,,30.696614263109627
60,后港黄歇冢,沙洋县,112.45129280124335,,,30.510303350494635
61,毛李镇红军墓,沙洋县,112.48099958479723,,,30.50985679215251
62,沙洋潘集湖国家湿地公园,沙洋县,112.57671170129106,,,30.696614263109627
63,中原军区旧址景区,大悟县,114.49981204214035,,,31.694391525757695
64,十八潭风景区,大悟县,114.19107997904624,,,31.78248197308649
65,鄂豫边区革命烈士陵园,大悟县,114.14426595519092,,,31.56890811205312
66,新四军第五师司令部旧址,大悟县,114.21340502690242,,,31.435482937237023
67,徐海东故居及亲属烈士陵园,大悟县,114.14426595519092,,,31.56890811205312
68,大悟山,大悟县,114.21807298165447,,,31.40944759220355
69,大悟乌桕红叶观赏,大悟县,114.1334125381888,,,31.567219806641464
70,中原突围纪念馆,大悟县,114.50043914921686,,,31.695289590336778
71,宣化店谈判旧址,大悟县,114.50217997546466,,,31.6908444996555
72,红色山城宣化店,大悟县,114.50217997546466,,,31.6908444996555
73,中原军区司令部旧址,大悟县,114.21412690521024,,,31.796790968160824
74,周恩来与美蒋代表谈判旧址,大悟县,114.50106463934347,,,31.695756208691524
75,应城汤池温泉,应城市,113.5930665027434,,,31.099205877247936
76,楚珍园,应城市,113.4542200014242,,,30.961847807299414
77,烧香台寿宁禅寺,应城市,113.61155407929151,,,30.969051999742053
78,应城孔庙,应城市,113.5930665027434,,,31.099205877247936
79,鄂中革命烈士纪念馆,应城市,113.35527694950264,,,30.91424320003396
80,陶家湖城址,应城市,113.5795673963533,,,30.933976509913286
81,孝感老观湖国家湿地公园,应城市,113.5795673963533,,,30.933976509913286
82,玉女泉,应城市,113.5795673963533,,,30.933976509913286
83,汤池训练班旧址,应城市,113.36329333804314,,,30.91180053013957
84,观音湖生态旅游区,孝昌县,114.1460439712868,,,31.342484907676877
85,天紫湖度假区,孝昌县,114.00440859068135,,,31.264540493061723
86,双峰山国家森林公园,孝昌县,114.21305001656488,,,31.193159831316155
87,大唐生态观光园,孝昌县,114.16176557533915,,,31.139527923422058
88,小悟抗大十分校及孙家畈革命旧址,孝昌县,114.12504724778825,,,31.298956119526746
89,白兆山李白文化旅游区,安陆市,113.5710316973975,,,31.331889930930284
90,盛世闻樱旅游风景区,安陆市,113.74672696022763,,,31.21332685358626
91,安陆府河国家湿地公园,安陆市,113.68622231124748,,,31.271044887089037
92,赵家棚抗日烈士陵园,安陆市,113.69558292415309,,,31.261414994285975
93,斗笠崖摩崖题刻,安陆市,113.69558292415309,,,31.261414994285975
94,钱冲革命旧址,安陆市,113.34669265221875,,,31.403612579806502
95,田水湾,汉川县,113.47075591942134,,,30.43366952254167
96,汉川公园,汉川县,113.81414748366801,,,30.656542150674163
97,汈汊湖,汉川县,113.75077310790567,,,30.68333578072003
98,汉川仙女山,汉川县,113.83899155983528,,,30.641822791584246
99,神灵台遗址,汉川县,113.4996297042758,,,30.569525091795764
100,何羽道烈士墓,汉川县,113.845549010397,,,30.666913578820797
101,黄香纪念园,云梦县,113.72515038052236,,,31.07660274053772
102,祥山博物馆,云梦县,113.78000908954176,,,31.0258212660472
103,云梦城郊古墓群,云梦县,113.76433033466226,,,31.017156389073925
104,心安寺,云梦县,113.7594122018257,,,31.027218220752015
105,云梦儒学大成殿,云梦县,113.76433033466226,,,31.017156389073925
106,云梦涢水国家湿地公园,云梦县,113.76433033466226,,,31.017156389073925
107,好石桥古城遗址,云梦县,113.71953776769602,,,31.12003821447255
108,三国赤壁古战场,赤壁市,113.63708794963375,,,29.885144827299236
109,陆水湖,赤壁市,113.91682315992611,,,29.66093903882541
110,三峡试验坝主题公园景区,赤壁市,113.8993223719865,,,29.698172959990874
111,玄素洞风景区,赤壁市,113.8813762041752,,,29.634685446557917
112,赤壁中华水浒城,赤壁市,113.6405761597584,,,29.87753286132134
113,赤壁圆通寺,赤壁市,113.75647212305653,,,29.54307973094688
114,江南明清石窗博物馆,赤壁市,113.90643686179263,,,29.73066599752579
115,赤壁观音寺,赤壁市,113.6405761597584,,,29.87753286132134
116,龙佑赤壁温泉度假区,赤壁市,113.6405761597584,,,29.87753286132134
117,鄂南秋收暴动指挥部旧址,赤壁市,113.90643686179263,,,29.73066599752579
118,赤壁摩崖石刻,赤壁市,113.6311357773266,,,29.8883336916409
119,黄袍山国家油茶产业示范园,通城县,113.82327703770885,,,29.278140730327426
120,黄龙山风景区,通城县,113.95097035743507,,,29.05118858888286
121,黄袍山,通城县,114.04395728447257,,,29.228831587051033
122,无名英雄墓,通城县,113.82356790903289,,,29.250857930222462
123,中共通城县苏维埃旧址,通城县,113.82356790903289,,,29.250857930222462
124,通城大溪国家湿地公园,通城县,114.04248999225305,,,29.366490047918276
125,药姑山遗址,通城县,113.70651268247451,,,29.33202742178544
126,割耳坡红军烈士纪念地,通城县,113.82356790903289,,,29.250857930222462
127,通城黄家祠堂,通城县,113.80028859124114,,,29.32609825241668
128,南虹桥,通城县,113.98191128069851,,,29.207869817607044
129,白水岩革命烈士纪念碑,通城县,113.90192045118161,,,29.070883513682542
130,隐水洞地质公园,通山县,114.62828696257945,,,29.65866197692748
131,九宫山,通山县,114.69694319505668,,,29.521476917434597
132,九宫山钦天瑞庆宫,通山县,114.69694319505668,,,29.521476917434597
133,王明璠府第,通山县,114.46056622730843,,,29.62945030181025
134,富水湖水利风景区,通山县,114.63923748640357,,,29.640809706062424
135,通山县博物馆,通山县,114.48939330026687,,,29.61263433805842
136,云中湖,通山县,114.68142676398794,,,29.40867776051504
137,节山大夫第,通山县,114.48939330026687,,,29.61263433805842
138,白泥谭氏宗祠,通山县,114.71055458963102,,,29.690024371934154
139,通山无量寿禅寺,通山县,114.68966449500338,,,29.414516417761444
140,通山圣庙,通山县,114.52971203628843,,,29.605362018801706
141,官桥八组,嘉鱼县,113.94557046335528,,,29.976353520898183
142,嘉鱼山湖温泉旅游景区,嘉鱼县,113.9122059594369,,,29.950127974903662
143,大岩湖,嘉鱼县,113.7574105828225,,,29.861770246694665
144,簰洲湾九八抗洪烈士陵园,嘉鱼县,113.94939169006163,,,30.222537164869056
145,吴王行祠,嘉鱼县,113.94557046335528,,,29.976353520898183
146,嘉鱼珍湖国家湿地公园,嘉鱼县,113.69077975977795,,,29.87424687784816
147,重修咸宁堤记碑及石枧堰,嘉鱼县,113.94557046335528,,,29.976353520898183
148,柃蜜小镇·白崖山景区,崇阳县,114.11031196840342,,,29.358273024657528
149,桂花森林公园,崇阳县,113.89772365767092,,,29.562685525355914
150,青山大泉洞,崇阳县,114.08813900367743,,,29.382278010010427
151,三特浪口温泉养生度假区,崇阳县,114.09314013994147,,,29.58703905885548
152,王世杰故居,崇阳县,114.16620399823249,,,29.56353397808252
153,寿昌县苏维埃政府旧址,崇阳县,114.04656290943393,,,29.561333782271227
154,米应生故居,崇阳县,114.09883377992293,,,29.593466170270617
155,陈寿昌烈士墓,崇阳县,114.10298673612473,,,29.34685480308665
156,崇阳青山国家湿地公园,崇阳县,114.03527399392433,,,29.427323008746306
157,刘景韶墓,崇阳县,114.04656290943393,,,29.561333782271227
158,青山崖洞堰,崇阳县,114.04656290943393,,,29.561333782271227
159,黄蓬山,松滋,111.773580312637,,,30.17534223514285
160,苦竹寺,松滋,111.71489518146731,,,30.01583960777137
161,洈水国家森林公园,松滋,111.56595108346015,,,29.977322718904674
162,松滋大悲寺,松滋,111.77980170710745,,,30.164530172069448
163,贺炳炎广场,松滋,111.49906982675937,,,30.065344323115454
164,松滋灵鹫寺,松滋,111.56597857160875,,,29.97744582326146
165,九岭岗起义指挥部旧址,松滋,111.58515192852512,,,30.005249326679436
166,九岭岗起义纪念碑,松滋,111.58515192852512,,,30.005249326679436
167,南岳山森林公园,石首市,112.4320389558672,,,29.73029968089411
168,红军树革命烈士纪念园,石首市,112.74415888825853,,,29.693477577350333
169,湘鄂西赤色军政干部学校旧址,石首市,112.43141984370993,,,29.72703397740694
170,石首东岳寺,石首市,112.40902391955642,,,29.73535782014672
171,石首三菱湖国家湿地公园,石首市,112.72158590808905,,,29.69602310713988
172,石首走马岭遗址,石首市,112.43141984370993,,,29.72703397740694
173,石首龙泉寺,石首市,112.7509015694142,,,29.6906029343694
174,二圣寺,石首市,112.52188603565669,,,29.745344130637868
175,陈浩岗遗址,石首市,112.43141984370993,,,29.72703397740694
176,护国仙山祖师庙,监利市,113.02027410700798,,,29.810233314217342
177,湘鄂西革命根据地旧址群,监利市,112.99276207789845,,,30.036623500903197
178,离湖,监利市,112.91142023009189,,,29.845735162836444
179,柳关烈士陵园,监利市,113.14557304805105,,,29.943977017875955
180,监利县革命历史博物馆,监利市,112.91142023009189,,,29.845735162836444
181,剅口红军烈士陵园,监利市,113.04577297248382,,,30.007006295268262
182,监利博物馆,监利市,112.89202249040747,,,29.81719571552179
183,白螺机场,监利市,113.20941457783513,,,29.554353451779594
184,洪湖军事政治学校旧址,监利市,112.91142023009189,,,29.845735162836444
185,红六军建军纪念碑,监利市,112.71134693205916,,,29.975684180545894
186,柳直荀烈士纪念园,监利市,112.98880414382148,,,30.040252587419992
187,洪湖红色湘鄂西旅游区,洪湖市,113.46227599066933,,,29.803632004474405
188,洪湖蓝田生态旅游风景区,洪湖市,113.22037040166175,,,29.930611018972943
189,悦兮半岛温泉旅游区,洪湖市,113.60201486863596,,,29.91595448592532
190,湘鄂西苏区革命烈士陵园,洪湖市,113.46104342567948,,,29.79918677434034
191,洪湖,洪湖市,113.35501633654125,,,29.864829652359575
192,戴家场秋收暴动纪念地及纪念碑,洪湖市,113.24260868769412,,,30.030408329562373
193,瞿家湾湘鄂西革命根据地旧址群,洪湖市,113.20006573273477,,,29.971383884707265
194,乌林矶遗址,洪湖市,113.60795796805746,,,29.92028662791797
195,北闸国家水利风景区,公安县,112.14769787786918,,,30.2883423002379
196,报慈寺,公安县,112.12607223655608,,,29.78376039204841
197,红四、六军会师旧址--南平文庙,公安县,112.09461770981238,,,29.916670953352956
198,崇湖国家湿地公园,公安县,112.30864645342967,,,29.923516378540963
199,荆和烈士陵园,公安县,112.3027074105683,,,30.002417437809008
200,袁宗道、袁中道合葬墓,公安县,112.23650157583852,,,30.064400686806085
201,公安县向群中学,公安县,112.08899791054382,,,29.908607948744475
202,荆江铁牛,江陵县,112.43297895698089,,,30.01281897809902
203,沙岗湘鄂西革命根据地早期旧址群,江陵县,112.6488195828825,,,30.06874363585202
204,镇安寺铁牛,江陵县,112.40725903294141,,,30.04396727917181
205,江陵抗战纪念园,江陵县,112.43145201727503,,,30.048042984592485
206,楚纪南故城,江陵县,112.43145201727503,,,30.048042984592485
207,江陵宝梵寺,江陵县,112.43145201727503,,,30.048042984592485
208,荆州八宝山,江陵县,112.43145201727503,,,30.048042984592485
209,江陵盆景园,江陵县,112.57655261138522,,,30.13615578923628
210,沙岗红军街,江陵县,112.64559700169599,,,30.067836445107552
211,洈水旅游风景区,松滋,111.58245798618385,,,29.970130935799414
212,神农溪,巴东县,110.33616474576482,,,31.044339272571708
213,链子溪原生态文化旅游区,巴东县,110.30479870210347,,,31.01196525174908
214,巴人河景区,巴东县,110.32479749801101,,,30.895122916327832
215,巴东金丝猴保护区,巴东县,110.33756152100229,,,30.623183837200987
216,无源洞,巴东县,110.43197585552585,,,31.031526624596793
217,寇准文化公园,巴东县,110.34118950746543,,,31.15640906324021
218,邓玉麟将军故居,巴东县,110.34757529184422,,,31.048064248959722
219,明月峡古栈道,巴东县,110.34757529184422,,,31.048064248959722
220,恩施清江蝴蝶崖风景区,巴东县,110.34757529184422,,,31.048064248959722
221,杨梅古寨景区,来凤县,109.3092507091684,,,29.62557134714746
222,仙佛寺,来凤县,109.467669221395,,,29.560910215065835
223,卯洞,来凤县,109.413494841531,,,29.499443572607333
224,龙嘴峡,来凤县,109.36506252031543,,,29.40029779976329
225,铁匠沟,来凤县,109.28112503315194,,,29.582947699962766
226,仙佛寺石窟,来凤县,109.467669221395,,,29.560910215065835
227,茶堰坪摆手堂,来凤县,109.25722597438906,,,29.191194044604906
228,舍米煳摆手堂,来凤县,109.41161702369357,,,29.51303203202673
229,板沙界起义遗址,来凤县,109.27419316885593,,,29.476468161792457
230,石门河景区,建始县,110.07870122388894,,,30.662575790647008
231,恩施黄鹤桥野三河,建始县,110.00744098337671,,,30.437234791749365
232,建始朝阳观,建始县,109.7265672605886,,,30.602021087461168
233,田家坝,建始县,110.08842502171224,,,30.50833679812781
234,水上恩施野三峡,建始县,110.00744098337671,,,30.437234791749365
235,黄鹤桥峰林,建始县,109.99745577056524,,,30.39931715402886
236,石柱观,建始县,109.95902519096654,,,30.72162773359947
237,巨猿化石洞,建始县,109.72855610898769,,,30.60790702631939
238,花果坪化石产地,建始县,110.00779635303645,,,30.45216615642725
239,建始直立人遗址,建始县,110.08635622412277,,,30.657602977418016
240,湘鄂边苏区鹤峰革命烈士陵园,鹤峰县,110.04566539650588,,,29.8923514278899
241,容美土司遗址,鹤峰县,110.08117756923681,,,29.935573090199487
242,木林子国家级自然保护区,鹤峰县,110.21266768052516,,,30.091449031665743
243,官坟园石碑及九峰桥,鹤峰县,110.06498687813726,,,29.908141474691057
244,鹤峰县博物馆,鹤峰县,110.04235747629703,,,29.891464056517876
245,红二军团总指挥部旧址,鹤峰县,110.43414587857822,,,29.83108998928368
246,土王城遗址,鹤峰县,110.04042423300965,,,29.89611648340303
247,工农革命军第四军军部旧址,鹤峰县,110.04042423300965,,,29.89611648340303
248,贺英殉难处,鹤峰县,110.04042423300965,,,29.89611648340303
249,鹤峰李家祠堂,鹤峰县,110.04664652578354,,,29.984455243707888
250,五里坪革命旧址,鹤峰县,110.04042423300965,,,29.89611648340303
251,鹤峰县苏维埃政府旧址,鹤峰县,110.04042423300965,,,29.89611648340303
252,鹤峰贺龙旧居,鹤峰县,110.04042423300965,,,29.89611648340303
253,恩施唐崖河旅游风景区,咸丰,109.09393496324739,,,29.955060978541585
254,坪坝营生态旅游区,咸丰,108.98680394646831,,,29.511804480117913
255,唐崖土司江山黄金洞,咸丰,109.09358498342083,,,29.957229459878334
256,小南海,咸丰,109.14660773562142,,,29.671077652357877
257,唐崖土司城址,咸丰,109.01905302443532,,,29.694881023028774
258,二仙岩湿地自然保护区,咸丰,108.79707535502399,,,29.716797947624805
259,星斗山,咸丰,109.14660773562142,,,29.671077652357877
260,春秋寨旅游区,南漳县,111.89047222729234,,,31.374570606840685
261,香水河,南漳县,111.71307386704582,,,31.61688476170785
262,水镜庄,南漳县,111.84442203261213,,,31.76933194401053
263,龙王峡漂流,南漳县,111.74719914591162,,,31.41974245575677
264,三道河水镜湖,南漳县,111.80455002390735,,,31.779917929670223
265,徐庶庙,南漳县,111.85711167590718,,,31.784148144601694
266,古山寨,南漳县,111.84538618391599,,,31.78112970677853
267,南漳山寨群,南漳县,111.90394186926169,,,31.81227403354537
268,鱼泉河,南漳县,111.69723305785233,,,31.78484328820894
269,翡翠峡,南漳县,111.65009896774379,,,31.781247959895122
270,五道峡,保康县,111.23425798615075,,,31.73011193135797
271,尧治河旅游区,保康县,110.81569495920142,,,31.847917382460157
272,保康黄龙观景区,保康县,110.89122816953294,,,31.784464447491256
273,紫薇林,保康县,111.27529321066041,,,31.872445714452724
274,汤池峡温泉,保康县,111.19885594566364,,,31.84409279056072
275,野花谷,保康县,111.26744121202825,,,31.883847150262206
276,九道河,保康县,111.26744121202825,,,31.883847150262206
277,九路寨,保康县,111.15682468000452,,,31.50295120428357
278,九道河漂流,保康县,111.26744121202825,,,31.883847150262206
279,官山森林公园,保康县,110.98094265945885,,,31.682812220162166
280,白水寺风景区,枣阳市,112.7620579991982,,,31.98050998648876
281,无量台风景区,枣阳市,112.77519499863722,,,32.02675103747125
282,唐梓山,枣阳市,112.79802201961236,,,32.3392880944287
283,白竹园寺国家森林公园,枣阳市,113.1179966456555,,,32.39043154089212
284,青龙山熊河风景区,枣阳市,112.67231099061283,,,31.934967970945845
285,白竹园寺,枣阳市,113.10970501630673,,,32.39416616495565
286,雕龙碑遗址,枣阳市,112.94548668433318,,,32.27357947940076
287,九连墩楚墓风景区,枣阳市,112.77847075950989,,,32.13472991431875
288,枣阳市革命烈士陵园,枣阳市,112.76591137051379,,,32.105381283664165
289,枣阳云峰寺,枣阳市,112.77847075950989,,,32.13472991431875
290,张自忠将军纪念园景区,宜城市,112.2646114416873,,,31.725469730972
291,宜城市博物馆,宜城市,112.26727428871051,,,31.7265399479491
292,张自忠纪念馆,宜城市,112.26202198622423,,,31.713597916519237
293,长渠,宜城市,112.30297977679892,,,31.635866078265106
294,鄂豫边区革命纪念馆,宜城市,112.2646114416873,,,31.725469730972
295,郭家岗遗址,宜城市,112.19018503357461,,,31.676618303718495
296,宜城万洋洲国家湿地公园,宜城市,112.26710343100252,,,31.729632357994266
297,宜城松林寺,宜城市,112.71978742495122,,,31.64444357588048
298,长北山森林公园,宜城市,112.2646114416873,,,31.725469730972
299,宜城朝阳寺,宜城市,112.6648675413266,,,31.652434943338562
300,李宗仁长官司令部旧址（老河口市博物馆）,老河口市,111.68740101421507,,,32.39494810141963
301,清泉沟,老河口市,111.6815563690755,,,32.39245958527059
302,袁书堂教育基地,老河口市,111.74684108133535,,,32.52928870373399
303,李宗仁纪念馆,老河口市,111.6815563690755,,,32.39245958527059
304,霸王坟墓群,老河口市,111.75026182871734,,,32.26796334255928
305,五座坟古墓群,老河口市,111.79458125817146,,,32.349046716712614
306,老河口西排子湖国家湿地公园,老河口市,111.6815563690755,,,32.39245958527059
307,光化黉学,老河口市,111.69036793765342,,,32.39891194689274
308,三线火箭炮总装厂旧址,老河口市,111.6815563690755,,,32.39245958527059
309,墓子岗遗址,老河口市,111.6815563690755,,,32.39245958527059
310,汉家刘氏茶园旅游景区,谷城县,111.65962495869378,,,32.26870203473087
311,南河小三峡,谷城县,111.4854286084376,,,32.161055981327806
312,堰河乡村,谷城县,111.33587709018656,,,32.30445142812374
313,薤山旅游度假区,谷城县,111.65957564172129,,,32.268983068947186
314,南河风景区,谷城县,111.51694260301645,,,32.17691550864324
315,茨河承恩寺,谷城县,111.80793304245792,,,31.99300702837308
316,谷城汉江国家湿地公园,谷城县,111.66841299166735,,,32.28068009049046
317,三神殿,谷城县,111.66181772244364,,,32.266691797765766
318,杨洪胜烈士墓,谷城县,111.65957564172129,,,32.268983068947186
319,鄂北手纺织训练所旧址,谷城县,111.65957564172129,,,32.268983068947186
320,古隆中,襄阳市,112.13223202139552,,,32.05770501612148
321,襄阳古城,襄阳市,112.15421167078313,,,32.02881789846766
322,襄阳唐城景区（襄阳唐城影视基地）,襄阳市,112.18905748049848,,,31.994824618615542
323,习家池,襄阳市,112.17101501433058,,,31.985788981102473
324,无量台风景区,襄阳市,112.77519499863722,,,32.02675103747125
325,尧治河旅游区,襄阳市,110.81569495920142,,,31.847917382460157
326,三峡湿地·杨守敬书院,宜都市,111.33680521943946,,,30.385719594572723
327,清江天龙湾风景区,宜都市,111.32526720380821,,,30.50468734547515
328,古潮音洞,宜都市,111.30860552303967,,,30.290278951358765
329,宋山森林公园,宜都市,111.35825513806782,,,30.446252544683375
330,奥陶纪石林,宜都市,111.20021598020574,,,30.212057099607062
331,潘家湾土家民俗博物馆,宜都市,111.456515837124,,,30.38440427431352
332,世界鲟鱼博览园,宜都市,111.456515837124,,,30.38440427431352
333,贺学文烈士墓,宜都市,111.456515837124,,,30.38440427431352
334,杨守敬故居,宜都市,111.46135326119898,,,30.388068954129547
335,屈原故里文化旅游区,秭归县,110.83621180789656,,,30.935663435145823
336,九畹溪风景区,秭归县,110.79365620131126,,,30.846766173457766
337,三峡竹海生态风景区,秭归县,110.94369675708195,,,30.755879709028182
338,链子崖风景区,秭归县,110.80131946595579,,,30.942645610531674
339,五龙温泉风景区,秭归县,110.6534252315401,,,30.808081716562018
340,步步升文化旅游区,枝江市,111.75915262784125,,,30.496406644797055
341,枝江沙浪奇观,枝江市,111.72228661886452,,,30.409600901659154
342,枝江博物馆,枝江市,111.74335438608502,,,30.430188360506094
343,百里荒高山草原,枝江市,111.83409538196108,,,30.389672690998534
344,鸣凤山风景区,远安县,111.62616837844962,,,31.040213464507072
345,嫘祖文化园,远安县,111.42201452757173,,,31.18633051169551
346,灵龙峡景区,远安县,111.64653035927485,,,31.06662784157842
347,远安回龙湾风景区,远安县,111.56360104035745,,,31.215929874383107
348,西河大峡谷景区,远安县,111.3652579685014,,,31.145163652082598
349,长阳清江画廊,长阳县,111.24747789918835,,,30.53483582856785
350,长阳天柱山旅游区,长阳县,110.98711895899271,,,30.49703903921759
351,麻池古寨,长阳县,110.82503796531904,,,30.387482958625338
352,丹水漂流,长阳县,110.96507768584713,,,30.623914765690184
353,三峡大坝-屈原故里旅游区,当阳市,111.79456850223322,,,30.82698905028075
354,三峡人家,当阳市,111.79456850223322,,,30.82698905028075
355,长阳清江画廊,当阳市,111.79456850223322,,,30.82698905028075
356,西陵峡口风景区,当阳市,111.79456850223322,,,30.82698905028075
357,三游洞,当阳市,111.79456850223322,,,30.82698905028075
358,当阳玉泉寺,当阳市,111.6931170220056,,,30.793039818320516
359,柴埠溪峡谷,当阳市,111.79456850223322,,,30.82698905028075
360,三峡湿地·杨守敬书院,当阳市,111.88324508997292,,,30.761145782792013
361,百里荒高山草原,当阳市,111.79456850223322,,,30.82698905028075
362,九畹溪风景区,当阳市,111.79456850223322,,,30.82698905028075
363,晓峰风景区（野人谷）,当阳市,111.79456850223322,,,30.82698905028075
364,宜昌车溪民俗旅游区,当阳市,111.79456850223322,,,30.82698905028075
365,金狮洞,当阳市,111.79456850223322,,,30.82698905028075
366,鸣凤山风景区,当阳市,111.79456850223322,,,30.82698905028075
367,三峡大瀑布景区,当阳市,111.88324508997292,,,30.761145782792013
368,朝天吼漂流,当阳市,111.79456850223322,,,30.82698905028075
369,五峰后河天门峡景区,当阳市,111.79456850223322,,,30.82698905028075
370,朝天吼漂流,兴山县,110.93238601274471,,,31.203646307447176
371,昭君村古汉文化游览区,兴山县,110.73972104018668,,,31.263529899293935
372,昭君故里,兴山县,110.7635939582671,,,31.35621991895563
373,柴埠溪峡谷,五峰自治县,110.95801898081083,,,30.221109081851807
374,五峰后河天门峡景区,五峰自治县,110.63221803506053,,,30.084191234141635
375,武当山,丹江口市,111.09366580773403,,,32.516908070866755
376,丹江口水库风景名胜区,丹江口市,111.5195320584795,,,32.54625268850125
377,静乐宫,丹江口市,111.55181751783032,,,32.56351652177321
378,武当山南神道,丹江口市,111.09366580773403,,,32.516908070866755
379,武当山太极湖,丹江口市,111.1606808360672,,,32.51731361129064
380,武当山建筑群,丹江口市,111.09366580773403,,,32.516908070866755
381,武当山快乐谷旅游区,丹江口市,111.15088427549759,,,32.50366275072598
382,松涛山庄AAA,丹江口市,111.53665699539953,,,32.576771111140474
383,金蟾峡,丹江口市,111.17369000663216,,,32.38300504707343
384,丹江口市博物馆,丹江口市,111.49424529735693,,,32.54500898847679
385,武当峡谷漂流,丹江口市,111.2828900006972,,,32.37849108534907
386,沧浪海旅游区,丹江口市,111.48366846862135,,,32.56331849770163
387,白杨坪生态旅游景区,丹江口市,111.15182354373881,,,32.374049626089345
388,吕家河民歌村,丹江口市,110.89786529979342,,,32.38108313072354
389,狮子岩度假村,丹江口市,111.46820925960849,,,32.48384544311184
390,女娲山风景区,竹山县,109.99501885546253,,,32.29311179139888
391,九华山森林公园,竹山县,110.1837889549904,,,32.08226784695356
392,观音沟生态文化旅游区,竹山县,110.25288823176783,,,32.33828159812464
393,秦巴民众风情苑,竹山县,110.09822688228437,,,32.0046390998517
394,观音洞旅游区,房县,110.73099993097361,,,32.040136775697235
395,房县野人洞,房县,110.74393903370877,,,31.92299399830452
396,房县神农大峡谷景区,房县,110.73150962951998,,,31.898161586806314
397,房县野人谷,房县,110.74368741833543,,,31.940016042756778
398,南潭生态文化旅游区,房县,110.75003556371335,,,31.987944594038883
399,湖北诗经源国家森林公园,房县,110.73359136270881,,,32.04666554526334
400,诗经尹吉甫生态文化旅游区,房县,111.04728629425387,,,32.04072100510451
401,显圣殿,房县,110.73359136270881,,,32.04666554526334
402,房县苏维埃政府旧址,房县,110.73359136270881,,,32.04666554526334
403,房县古南河国家湿地公园,房县,110.9681487228941,,,31.88878852564182
404,龙王垭观光茶园旅游区,竹溪县,109.97610664989986,,,32.0242162808353
405,楠木寨,竹溪县,109.72154249888798,,,32.32412004885334
406,偏头山,竹溪县,109.65639172397967,,,32.260002972938494
407,关垭古长城,竹溪县,109.52107475483973,,,32.33368400015614
408,曾家寨,竹溪县,109.78217147335073,,,32.15530405049957
409,竹溪楚长城遗址风景旅游区,竹溪县,109.7178122852578,,,32.31975774531197
410,营盘山旅游区,竹溪县,109.72154249888798,,,32.32412004885334
411,郧西龙潭河旅游区,郧西县,110.19538032996894,,,32.84216480630891
412,五龙河景区,郧西县,110.55793400837118,,,33.04652909140868
413,上津古城,郧西县,110.0499655984219,,,33.14355360832894
414,郧西天河旅游区,郧西县,110.4117209527174,,,32.929242078670896
415,武当红生态工业旅游区,郧西县,110.43247261847287,,,32.99916700753649
416,郧西县王家坪烈士陵园,郧西县,110.43247261847287,,,32.99916700753649
417,悬鼓观,郧西县,110.43247261847287,,,32.99916700753649
418,随州博物馆,曾都区,113.36277636322214,,,31.73290900879979
419,随州文化公园,曾都区,113.41054600447899,,,31.718830851268482
420,曾侯乙墓,曾都区,113.35816841527816,,,31.73508334553202
421,千年银杏谷,曾都区,113.31081495896409,,,31.436965910686006
422,随州大洪山,曾都区,113.37751333460498,,,31.722122861270798
423,随州西游神话世界,曾都区,113.37751333460498,,,31.722122861270798
424,大洪山林泉生态园,曾都区,113.37751333460498,,,31.722122861270798
425,琵琶湖,曾都区,113.37751333460498,,,31.722122861270798
426,云峰山万亩茶园,曾都区,113.37751333460498,,,31.722122861270798
427,新四军九口堰纪念馆,曾都区,113.39334219633521,,,31.463657382472686
428,黑龙潭风景区,广水,114.09782041625577,,,31.79462093402102
429,高贵三潭风景区,广水,114.00146349606686,,,31.63122918562465
430,徐家河风景区,广水,113.5995580176807,,,31.5274242451927
431,炎帝神农故里风景区,随县,113.3044115677973,,,31.854411881957407
432,随县封江口国家湿地公园,随县,113.30645835690179,,,31.85997167825831
433,田王寨景区,随县,113.33391272921995,,,32.32428824505805
434,江汉军区司令部旧址,随县,113.30645835690179,,,31.85997167825831
435,神农架生态旅游区,神农架,114.2777870319553,,,30.59834791382835
436,神农顶风景区,神农架,114.2777870319553,,,30.59834791382835
437,大九湖,神农架,109.98304785657545,,,31.488539962111258
438,天燕原始生态旅游区,神农架,114.2777870319553,,,30.59834791382835
439,神农架天生桥景区,神农架,110.45180666830302,,,31.463526939632487
440,香溪源景区,神农架,114.2777870319553,,,30.59834791382835
441,神农架红坪景区,神农架,114.2777870319553,,,30.59834791382835
442,神农架自然博物馆,神农架,114.2777870319553,,,30.59834791382835
443,鄂州莲花山,鄂城区,114.90475055925042,,,30.384293754820273
444,西山风景区,鄂城区,114.87483698576814,,,30.414021983244393
445,鄂州海宁皮草城,鄂城区,114.90301979402433,,,30.35736373709421
446,鄂州市博物馆,鄂城区,114.88311873375628,,,30.416279709074157
447,鄂南抗日根据地指挥中心旧址,鄂城区,114.98921238736781,,,30.31761380103818
448,洋澜湖风景区,鄂城区,114.89198447015646,,,30.390877194010343
449,鄂州武汉东海洋世界,鄂城区,114.92705099353562,,,30.39816962303932
450,梁子湖,梁子湖区,114.65832254090351,,,30.245827836907768
451,沼山森林公园,梁子湖区,114.70316810789483,,,30.16001340767271
452,刘伯垂墓,华容区,114.73642634228239,,,30.540599527838044
453,夏家榜烈士纪念碑,华容区,114.73642634228239,,,30.540599527838044
454,湘鄂赣边区鄂东南革命烈士陵园,阳新县,115.22069411399885,,,29.85280516959504
455,阳新仙岛湖旅游风景区,阳新县,114.82486603184061,,,29.771801136511304
456,军垦五夫园,阳新县,115.05255000734113,,,29.75164195614781
457,石田古驿生态旅游区,阳新县,115.34180527976397,,,29.742093190325498
458,三溪口乡村园博园,阳新县,114.94952577386066,,,29.825911168464724
459,黄石园博园,大冶市,115.05860954225236,,,30.1173173237654
460,雷山风景区,大冶市,114.80887782573141,,,30.041469548033035
461,梅红山,大冶市,114.98643626401979,,,30.10166780010339
462,青龙山风景区,大冶市,114.98343143208892,,,30.096385951405715
463,龙凤山庄生态园度假村,大冶市,114.98643626401979,,,30.10166780010339
464,上冯村生态旅游区,大冶市,114.98486485819119,,,30.042466944248634
465,沼山乡村公园,大冶市,114.71064757923202,,,30.161038870483782
466,楚天香谷芳香文化博览园,大冶市,114.740041033824,,,30.04026626560969
467,黄石地质博物馆,大冶市,115.06140479950774,,,30.11693033944406
468,黄石矿博园,大冶市,115.05860954225236,,,30.1173173237654
469,西塞山风景名胜旅游区,西塞山区,115.17190751622336,,,30.207419330729092
470,黄石北伐军二十军军部旧址,西塞山区,115.11648143744387,,,30.21069518411846
471,黄石大千石园,西塞山区,115.14872099338312,,,30.202848135813383
472,中窑江滩公园,西塞山区,115.11809856702294,,,30.21254599570462
473,澄月岛,西塞山区,115.07758894106718,,,30.212713277814863
474,东方山风景区,下陆区,114.94849812741688,,,30.211268509556216
475,黄石市博物馆,下陆区,115.04848006966074,,,30.202867643612926
476,磁湖风景区,下陆区,115.0559075291089,,,30.213034499233213
477,黄石栗山寺,下陆区,114.95934597492483,,,30.196519365425846
478,黄石广法寺,下陆区,115.02510112978025,,,30.224582552071006
479,青港湖欢乐世界,黄石港区,115.03657240131213,,,30.23713970098544
480,中国乒乓球队黄石训练基地,黄石港区,115.07241748607679,,,30.229052639992027
481,黄石国家矿山公园,铁山区,114.92445183637305,,,30.213669916863804
482,黄石弘化禅寺,铁山区,114.90757141821284,,,30.212250832586538
483,黄石华藏寺,铁山区,114.90576501566282,,,30.21061513051588
484,黄麻起义和鄂豫皖苏区革命烈士陵园,红安县,114.63280599323147,,,31.298774842061317
485,红安天台山,红安县,114.62599845441575,,,31.54132256538801
486,李先念故居纪念园,红安县,114.52707058385732,,,31.154483261474812
487,七里坪镇长胜街景区,红安县,114.66286111450957,,,31.47031763228023
488,陡山吴氏祠,红安县,114.68708475621362,,,31.066101218089763
489,董必武纪念馆,红安县,114.62437997737842,,,31.292218840876085
490,湖北金沙湖国家湿地公园,红安县,114.58696797831274,,,31.29114490136753
491,黄麻起义和鄂豫皖苏区革命历史纪念馆,红安县,114.62442561129834,,,31.294296714037316
492,红安七里坪革命旧址,红安县,114.66142888135701,,,31.468433435314882
493,祝家楼古民居,红安县,114.52939063749794,,,31.48535192326455
494,红安大圣寺塔,红安县,114.65891703949002,,,31.433032932779245
495,西汪家湾革命旧址,红安县,114.62442561129834,,,31.294296714037316
496,龟峰山,麻城市,115.2405853080555,,,31.08951386187146
497,五脑山,麻城市,115.00659603627471,,,31.233122863857194
498,麻城烈士陵园,麻城市,115.02453600578393,,,31.186647858372105
499,麻城市孝感乡文化园,麻城市,115.01656174777186,,,31.176995837411464
500,麻城浮桥河水利风景区,麻城市,114.92303466960051,,,31.141976524772954
501,乘马会馆,麻城市,114.95773001314294,,,31.43566887828096
502,麻城市博物馆,麻城市,115.02712851548573,,,31.185260530338706
503,麻城龟山风景区,麻城市,115.2405853080555,,,31.08951386187146
504,麻城杏花村,麻城市,114.73872133319928,,,31.04210014741783
505,麻城狮子峰,麻城市,115.29806814713065,,,31.38012990589024
506,浮桥河国家湿地公园,麻城市,114.89242796358674,,,31.173941875874426
507,麻城市革命博物馆,麻城市,115.02712851548573,,,31.185260530338706
508,李时珍纪念馆,蕲春县,115.3626829929717,,,30.051376233597427
509,李时珍医道文化旅游区普阳观景区,蕲春县,115.41725199846414,,,30.25301208789362
510,鄂人谷生态度假村,蕲春县,115.48037413745926,,,30.217071800572377
511,三江生态旅游度假区,蕲春县,115.4716407140407,,,30.217409075275146
512,蕲春横岗山森林公园,蕲春县,115.45577241669861,,,30.209923046433076
513,大鑫湾湖北仙人湖养生度假区,蕲春县,115.4423985340966,,,30.23253549973421
514,龙泉花海观光园,蕲春县,115.4010220433237,,,30.020900259824618
515,赤龙湖国家湿地公园,蕲春县,115.37925017200058,,,30.09377886259978
516,李时珍陵园,蕲春县,115.36266269126718,,,30.051379672295212
517,明荆王墓,蕲春县,115.4423985340966,,,30.23253549973421
518,大同水库水利风景区,蕲春县,115.79756445815421,,,30.527074817942584
519,蕲春昭化寺,蕲春县,115.35729100397862,,,30.08599921056137
520,黄冈大崎山森林公园,团风县,115.11285300182796,,,30.8665308103484
521,团风渡江战役纪念公园,团风县,114.87603676260727,,,30.63898371784041
522,黄冈革命烈士陵园,团风县,115.0597795851791,,,30.80085574791773
523,熊十力故居,团风县,114.8785243502255,,,30.64936776721529
524,包惠僧故居,团风县,115.1070670160382,,,30.697050869709052
525,杜皮抗日五大队旧址,团风县,115.05898260853066,,,30.80335105826517
526,神仙寨,团风县,114.8785243502255,,,30.64936776721529
527,百丈岩古民居,团风县,115.14148756792513,,,30.796653865942286
528,牛车河水利生态旅游区,团风县,115.04598817017606,,,30.745873623476854
529,林家大湾,团风县,114.99254707708197,,,30.647553970088314
530,方本仁庄园,团风县,114.98248165367322,,,30.692509333781846
531,徐会之故居,团风县,114.8785243502255,,,30.64936776721529
532,桃花冲森林公园,英山县,116.02788190616297,,,30.991375153259966
533,吴家山森林公园,英山县,115.82506401523952,,,31.084949875537593
534,乌云山茶叶公园,英山县,115.66707686926647,,,30.779523750278802
535,大别山丽景风景区,英山县,115.6637843999113,,,30.885183617200063
536,神峰山庄,英山县,115.63219701377228,,,30.853060839000925
537,英山烈士陵园,英山县,115.6815740829087,,,30.741075391866403
538,南武当山风景区,英山县,115.6874216026259,,,30.74135008408465
539,四祖寺及四祖寺塔,黄梅县,115.80400782391618,,,30.124963523053555
540,黄梅五祖寺,黄梅县,115.94783147674396,,,30.191007741741295
541,玫瑰谷漂流观光生态园,黄梅县,115.950715037431,,,30.277451475554944
542,大别山薄刀峰风景区,罗田县,115.5752136325607,,,31.115199781736596
543,天堂寨风景区,罗田县,115.76389596764024,,,31.101438851982156
544,燕儿谷生态农庄,罗田县,115.41981198950647,,,30.683554891035165
545,大别山国家森林公园天堂湖湿地公园,罗田县,115.73204016781486,,,31.133440644332918
546,大别山,罗田县,115.40554716749966,,,30.7889104956853
547,罗田胜利烈士陵园,罗田县,115.46907838740404,,,31.131064461501218
548,泗洲山抗日石刻,罗田县,115.40554716749966,,,30.7889104956853
549,三角山国家森林公园,浠水县,115.58572084261925,,,30.496167346723457
550,斗方山风景区,浠水县,115.48693723992571,,,30.57439621653746
551,浠水县博物馆,浠水县,115.27515264306277,,,30.457077934854176
552,闻一多纪念馆,浠水县,115.27801500373977,,,30.469934309375347
553,策湖国家湿地公园,浠水县,115.18117201043941,,,30.246237085089096
554,白莲河水利风景区,浠水县,115.4398725888331,,,30.61562840748336
555,宋河生态山庄,武穴市,115.58391632651082,,,30.081924927375997
556,武穴仙姑山,武穴市,115.52732279464003,,,29.90107950860635
557,横岗山,武穴市,115.66684223186726,,,30.189961054449217
558,希尔寨生态农庄,武穴市,115.59771995846879,,,30.16122817711009
559,武山湖国家湿地公园,武穴市,115.62121197973146,,,29.8894259528179
560,水府寺,武穴市,115.56739216105213,,,29.850441430483002
561,武穴市博物馆,武穴市,115.55496832636157,,,29.858176075699202
562,郑公塔,武穴市,115.78786599254629,,,30.013389321002325
563,梅川水库水利风景区,武穴市,115.64191173870995,,,30.15977304375162
564,黄鹤楼,武昌区,114.30904303319167,,,30.550316939607782
565,武汉东湖,武昌区,114.37828882359777,,,30.569087281683156
566,湖北省博物馆,武昌区,114.37187860530912,,,30.567827944592818
567,武昌首义文化旅游区,武昌区,114.32254851755089,,,30.559566983522483
568,辛亥革命武昌起义纪念馆（红楼）,武昌区,114.31292353333367,,,30.547724124128504
569,武汉革命博物馆,武昌区,114.30691674404956,,,30.55929581188361
570,武昌长春观,武昌区,114.32730351810685,,,30.546128761815197
571,武汉东湖海洋世界,武昌区,114.38679173440248,,,30.580245841498556
572,东湖磨山景区,武昌区,114.41335498765473,,,30.55139029358311
573,东湖听涛风景区,武昌区,114.38169196419177,,,30.573997916686352
574,辛亥革命博物馆,武昌区,114.31235697204853,,,30.542702896526343
575,首义公园,武昌区,114.32016486388015,,,30.54767381751378
576,东湖宾馆梅岭毛泽东同志故居,武昌区,114.37302771771749,,,30.557603848388858
577,起义门,武昌区,114.31384932699227,,,30.5314731741326
578,三烈士亭,武昌区,114.32254851755089,,,30.559566983522483
579,湖北美术馆,武昌区,114.37190187142183,,,30.570294519575835
580,武汉科技馆,江岸区,114.30894026704134,,,30.628822206328334
581,二七纪念馆,江岸区,114.33071168921171,,,30.640689704500332
582,汉口江滩公园,江岸区,114.31110401552321,,,30.591176866201412
583,古德寺,江岸区,114.31411783050919,,,30.62431246986776
584,二七烈士纪念碑,江岸区,114.31815481547103,,,30.63340304468531
585,八路军武汉办事处旧址,江岸区,114.31597651443988,,,30.61189126267976
586,中共中央长江局机关暨湖北省委机关旧址,江岸区,114.30599912497111,,,30.5922667060015
587,汉口德国领事馆旧址,江岸区,114.30995247768998,,,30.594394589719105
588,武汉市美术馆,江岸区,114.29954327276256,,,30.589780255279663
589,汉口近代建筑群,江岸区,114.33943333740808,,,30.670577445926966
590,陆军新编第四军司令部旧址,江岸区,114.31657918760652,,,30.605402797562395
591,木兰文化生态旅游区,黄陂区,114.40326450152224,,,31.09916490615755
592,姚家山景区,黄陂区,114.20032246477732,,,31.257580401130223
593,武汉农耕年华农业风情园,黄陂区,114.46437874062147,,,30.73218440367817
594,木兰水镇,黄陂区,114.43529798617752,,,30.965469828740932
595,锦里沟,黄陂区,114.2331160955551,,,31.278886720420704
596,大余湾,黄陂区,114.37865738587107,,,31.033157090036447
597,木兰玫瑰花园,黄陂区,114.44667798986956,,,31.02821287207411
598,汉口北国际旅游商品交易中心,黄陂区,114.3224687480216,,,30.70614501540546
599,木兰湖,黄陂区,114.47795429281047,,,31.10256691464215
600,木兰古门景区,黄陂区,114.46906933267238,,,31.106085056728105
601,木兰山,黄陂区,114.39945550649882,,,31.108406140599538
602,木兰胜天风景区,黄陂区,114.43875700137423,,,31.04035486454349
603,武汉木兰云雾山景区,黄陂区,114.46906933267238,,,31.106085056728105
604,木兰天池,黄陂区,114.46906933267238,,,31.106085056728105
605,木兰草原,黄陂区,114.46906933267238,,,31.106085056728105
606,木兰清凉寨,黄陂区,114.46906933267238,,,31.106085056728105
607,武汉植物园,洪山区,114.35045554601551,,,30.50633395680806
608,中国地质大学逸夫博物馆,洪山区,114.40699004396376,,,30.52368521601525
609,武汉欢乐谷,洪山区,114.39942918614739,,,30.597230010802924
610,马鞍山森林公园,洪山区,114.4538037084969,,,30.525509055077055
611,中南民族大学民族学博物馆,洪山区,114.39599496418275,,,30.48867894596872
612,东湖落雁景区,洪山区,114.44459805329176,,,30.5681130070949
613,武汉九峰山国家森林公园,洪山区,114.35045554601551,,,30.50633395680806
614,湖北省科技馆,洪山区,114.51216005984996,,,30.49697703689741
615,晴川阁,汉阳区,114.2913139858162,,,30.56128371235788
616,归元寺,汉阳区,114.2656925160606,,,30.55157922752236
617,古琴台,汉阳区,114.27025348262642,,,30.56056777750144
618,龟山电视塔,汉阳区,114.2745232185459,,,30.560653295030594
619,汉阳月湖公园,汉阳区,114.25543467561161,,,30.56613068966047
620,武汉动物园,汉阳区,114.25054609702632,,,30.552284422113846
621,武汉中华奇石馆,汉阳区,114.26836937664979,,,30.551098883634985
622,武汉高龙城·国家非物质文化遗产传承园,汉阳区,114.25429194117238,,,30.536120637757627
623,汤湖公园,汉阳区,114.22544555463595,,,30.56005202744345
624,向警予烈士陵园,汉阳区,114.27359886217613,,,30.56062872818456
625,凤娃古寨,新洲区,114.76083195553024,,,30.91674281274982
626,涨渡湖,新洲区,114.80592994636986,,,30.674625855477604
627,武汉报恩禅寺,新洲区,115.0166280427185,,,30.875026853739378
628,中山舰旅游区,江夏区,114.15248185738517,,,30.353676475223907
629,梁湖都市农庄,江夏区,114.43918279818595,,,30.299654802806646
630,武汉安山国家湿地公园,江夏区,114.25775104619966,,,30.10755204228938
631,蜜蜂探索馆,江夏区,114.31362600824248,,,30.37685898451661
632,上涉湖湿地自然保护区,江夏区,114.28976315118378,,,30.147437419258132
633,武汉博物馆,江汉区,114.26308060295979,,,30.617734717040182
634,武汉规划展示馆,江汉区,114.27700694345043,,,30.608359811747164
635,武汉中山公园,江汉区,114.27773304379416,,,30.592774899904914
636,辛亥革命烈士公墓,江汉区,114.27750613182234,,,30.6072822768268
637,武汉江汉关大楼（江汉关博物馆）,江汉区,114.30402994946269,,,30.58169544496093
638,湖北地质博物馆,江汉区,114.24479748074577,,,30.633046473364686
639,蔡甸金龙水寨景区,蔡甸区,113.94175196102148,,,30.552911939873795
640,武汉九真山,蔡甸区,113.93747333187744,,,30.477607099005795
641,伊利乳业有限责任公司武汉分公司,蔡甸区,114.15439902100456,,,30.469461962125653
642,后官湖湿地公园,蔡甸区,114.07502986648431,,,30.551138847591574
643,沉湖湿地,蔡甸区,113.84224683934232,,,30.32286356224002
644,武汉体育中心,蔡甸区,114.17850442055096,,,30.507046561759108
645,武汉野战国防园,蔡甸区,113.98200997160389,,,30.48796192599506
646,武汉园博园,硚口区,114.2223472091015,,,30.632221382437816
647,长江文明馆,硚口区,114.22827584580624,,,30.629372390836274
648,武汉市十一滨江中学古田路少年军校,硚口区,114.20865703312944,,,30.595554880424057
649,汉口里,硚口区,114.231368532016,,,30.626128649426732
650,武汉海昌极地海洋世界,东西湖区,114.28506896591082,,,30.67006989754247
651,东西湖郁金香主题公园,东西湖区,114.09203532877152,,,30.709452955395193
652,石榴红村景区,东西湖区,114.03908003929719,,,30.603289922673465
653,嘉沦河湿地温泉,东西湖区,114.14345873785965,,,30.625919818109203
654,杜公湖湿地公园,东西湖区,114.15859554502498,,,30.72624751181397
655,金银湖湿地公园,东西湖区,114.19362012543291,,,30.647198657466596
656,武钢博物馆,青山区,114.41218997523883,,,30.63569586755849
657,武汉张公山寨,青山区,114.51158406635695,,,30.594995719977447
658,纱帽江滩公园,汉南区,114.09201601520304,,,30.308782659475984
